"carrier_name","ave_arrivals","ave_delayed","ave_cancelled","ave_diverted","ave_ontime"
"Aloha Airlines Inc.",29849,0.0660504247953608,391.666666666667,12,0.933949575204639
"Hawaiian Airlines Inc.",59384.8181818182,0.0750449887849073,161.454545454545,35.8181818181818,0.924955011215093
"Endeavor Air Inc.",119950,0.14308461859108,1691,186,0.85691538140892
"Virgin America",43529,0.167297271201145,240.25,71.75,0.832702728798855
"Alaska Airlines Inc.",138419.545454545,0.171341537541504,1403,399.636363636364,0.828658462458496
